1)

mysql> SELECT A.TRIP_ID,A.TRIP_SOURCE,A.TRIP_DESTINATION,A.TRIP_START_TIME,A.TRIP_END_TIME,B.TRIP_ID,B.TRIP_SOURCE,B.TRIP_DESTINATION,B.TRIP_START_TIME,B.TRIP_END_TIME,(SUM(B.TRIP_COST)+SUM(A.TRIP_COST))TOT_COST 
FROM TRIP A  
JOIN TRIP B 
ON A.TRIP_DESTINATION=B.TRIP_SOURCE 
WHERE A.TRIP_SOURCE='CHN' AND B.TRIP_DESTINATION='NDL' AND A.TRIP_END_TIME<B.TRIP_START_TIME 
ORDER BY TOT_COST LIMIT 1;
+---------+-------------+------------------+-----------------+---------------+---------+-------------+------------------+-----------------+---------------+----------+
| TRIP_ID | TRIP_SOURCE | TRIP_DESTINATION | TRIP_START_TIME | TRIP_END_TIME | TRIP_ID | TRIP_SOURCE | TRIP_DESTINATION | TRIP_START_TIME | TRIP_END_TIME | TOT_COST |
+---------+-------------+------------------+-----------------+---------------+---------+-------------+------------------+-----------------+---------------+----------+
| TP01    | CHN         | BGL              | 13:40:00        | 15:40:00      | TP06    | BGL         | NDL              | 19:40:00        | 22:10:00      |     8500 |
+---------+-------------+------------------+-----------------+---------------+---------+-------------+------------------+-----------------+---------------+----------+
1 row in set (0.00 sec)

2)

3)

4)

5)

6)

7)
mysql> SELECT B.TRIP_ID,A.TRIP_SOURCE,A.TRIP_DESTINATION,B.TRIP_ID,B.TRIP_SOURCE,B.TRIP_DESTINATION 
FROM TRIP A  JOIN TRIP B ON A.TRIP_DESTINATION=B.TRIP_SOURCE 
WHERE A.TRIP_SOURCE='CHN' AND B.TRIP_DESTINATION='BGL' AND  A.TRIP_START_TIME<'11:00:00';
+---------+-------------+------------------+---------+-------------+------------------+
| TRIP_ID | TRIP_SOURCE | TRIP_DESTINATION | TRIP_ID | TRIP_SOURCE | TRIP_DESTINATION |
+---------+-------------+------------------+---------+-------------+------------------+
| TP04    | CHN         | HYD              | TP04    | HYD         | BGL              |
+---------+-------------+------------------+---------+-------------+------------------+
1 row in set (0.00 sec)

8)


9)

mysql> select * ,CASE WHEN TIMEDIFF(TRIP_END_TIME,TRIP_START_TIME)<0 THEN  ADDTIME(TIMEDIFF(TRIP_END_TIME,TRIP_START_TIME),'24:00:00') ELSE TIMEDIFF(TRIP_END_TIME,TRIP_START_TIME) END AS DURATION FROM TRIP ORDER BY DURATION LIMIT 1;
+---------+-------------+------------------+-----------------+---------------+-----------+--------------+----------+
| TRIP_ID | TRIP_SOURCE | TRIP_DESTINATION | TRIP_START_TIME | TRIP_END_TIME | TRIP_COST | DYNAMIC_FARE | DURATION |
+---------+-------------+------------------+-----------------+---------------+-----------+--------------+----------+
| TP02    | BGL         | MUM              | 18:20:00        | 19:20:00      |      6700 | Y            | 01:00:00 |
+---------+-------------+------------------+-----------------+---------------+-----------+--------------+----------+
1 row in set (0.00 sec)

10)


mysql> select * ,CASE WHEN TIMEDIFF(TRIP_END_TIME,TRIP_START_TIME)<0 THEN  ADDTIME(TIMEDIFF(TRIP_END_TIME,TRIP_START_TIME),'24:00:00') ELSE TIMEDIFF(TRIP_END_TIME,TRIP_START_TIME) END AS DURATION FROM TRIP WHERE DYNAMIC_FARE='N' ORDER BY DURATION DESC LIMIT 1;
+---------+-------------+------------------+-----------------+---------------+-----------+--------------+----------+
| TRIP_ID | TRIP_SOURCE | TRIP_DESTINATION | TRIP_START_TIME | TRIP_END_TIME | TRIP_COST | DYNAMIC_FARE | DURATION |
+---------+-------------+------------------+-----------------+---------------+-----------+--------------+----------+
| TP08    | MUM         | BGL              | 20:20:00        | 23:45:00      |      5000 | N            | 03:25:00 |
+---------+-------------+------------------+-----------------+---------------+-----------+--------------+----------+
1 row in set (0.00 sec)

