1)


2)


3)

mysql> select * from publisher p join author a on a.publish_id=p.publish_id where author_country in(select author_country from publisher p join author a on a.publish_id=p.publish_id where author_city=publish_city);
+------------+-----------------------+--------------+--------------------+----------+-----------+----------------+----------------+---------------+------------+
| publish_id | publish_name          | publish_city | publish_start_date | branches | author_id | author_name    | author_country | author_city   | publish_id |
+------------+-----------------------+--------------+--------------------+----------+-----------+----------------+----------------+---------------+------------+
| PB01       | Jex Max Publication   | Berlin       | 1929-04-21         |       10 | AUT001    | William Norton | UK             | Cambridge     | PB01       |
| PB04       | Mark Book Sales       | New Jersy    | 2008-05-24         |        9 | AUT002    | C.J.Wilde      | USA            | San Francisco | PB04       |
| PB03       | Novel Publisher Ltd.  | London       | 2018-08-10         |       11 | AUT006    | Butler Andre   | UK             | London        | PB03       |
| PB04       | Mark Book Sales       | New Jersy    | 2008-05-24         |        9 | AUT010    | Mary Coffing   | USA            | New Jersy     | PB04       |
+------------+-----------------------+--------------+--------------------+----------+-----------+----------------+----------------+---------------+------------+
4 rows in set (0.00 sec)


4)


5)


6)


mysql> SELECT A.AUTHOR_ID, A.AUTHOR_NAME,A.AUTHOR_COUNTRY,A.AUTHOR_CITY,A.PUBLISH_ID FROM AUTHOR A INNER JOIN PUBLISHER P ON A.PUBLISH_ID=P.PUBLISH_ID WHERE SUBSTRING(A.AUTHOR_NAME,1,1)=SUBSTRING(P.PUBLISH_NAME,1,1);
+-----------+----------------------+----------------+-------------+------------+
| AUTHOR_ID | AUTHOR_NAME          | AUTHOR_COUNTRY | AUTHOR_CITY | PUBLISH_ID |
+-----------+----------------------+----------------+-------------+------------+
| AUT003    | John Betjeman Hunter | RUSSIA         | Moscow      | PB01       |
| AUT010    | Mary Coffing         | USA            | New Jersy   | PB04       |
+-----------+----------------------+----------------+-------------+------------+
2 rows in set (0.00 sec)


7)

mysql> select * from author where author_name like '%.%.%';
+-----------+-----------------+----------------+---------------+------------+
| author_id | author_name     | author_country | author_city   | publish_id |
+-----------+-----------------+----------------+---------------+------------+
| AUT002    | C. J. Wilde     | USA            | San Francisco | PB04       |
| AUT005    | S.B.Swaminathan | INDIA          | Delhi         | PB01       |
+-----------+-----------------+----------------+---------------+------------+
2 rows in set (0.00 sec)

8)

mysql> select * from author where author_name not like '%.%';
+-----------+----------------------+----------------+-------------+------------+
| author_id | author_name          | author_country | author_city | publish_id |
+-----------+----------------------+----------------+-------------+------------+
| AUT001    | William Norton       | UK             | Cambridge   | PB01       |
| AUT003    | John Betjeman Hunter | RUSSIA         | Moscow      | PB01       |
| AUT004    | John Betjeman Hunter | CANADA         | Toronto     | PB03       |
| AUT006    | Butler Andre         | UK             | London      | PB03       |
| AUT008    | Andrew Jeff          | GERMANY        | Berlin      | PB02       |
| AUT009    | Drek Tailor          | Australia      | Melbourne   | PB01       |
| AUT010    | Mary Coffing         | USA            | New Jersy   | PB04       |
+-----------+----------------------+----------------+-------------+------------+
7 rows in set (0.00 sec)


9)

mysql> select * from author where author_name regexp "[a-z]";
+-----------+----------------------+----------------+---------------+------------+
| author_id | author_name          | author_country | author_city   | publish_id |
+-----------+----------------------+----------------+---------------+------------+
| AUT001    | William Norton       | UK             | Cambridge     | PB01       |
| AUT002    | C.J.Wilde            | USA            | San Francisco | PB04       |
| AUT003    | John Betjeman Hunter | RUSSIA         | Moscow        | PB01       |
| AUT004    | John Betjeman Hunter | CANADA         | Toronto       | PB03       |
| AUT005    | S.B.Swaminathan      | INDIA          | Delhi         | PB01       |
| AUT006    | Butler Andre         | UK             | London        | PB03       |
| AUT007    | E. Howard            | EUROPE         | Berlin        | PB03       |
| AUT008    | Andrew Jeff          | GERMANY        | Berlin        | PB02       |
| AUT009    | Drek Tailor          | Australia      | Melbourne     | PB01       |
| AUT010    | Mary Coffing         | USA            | New Jersy     | PB04       |
+-----------+----------------------+----------------+---------------+------------+
10 rows in set (0.00 sec)



10)

mysql> SELECT * FROM AUTHOR A INNER JOIN PUBLISHER P ON A.PUBLISH_ID=P.PUBLISH_ID ORDER BY PUBLISH_START_DATE DESC LIMIT 1;
+-----------+-------------+----------------+-------------+------------+------------+--------------------------+--------------+--------------------+----------+
| author_id | author_name | author_country | author_city | publish_id | publish_id | publish_name             | publish_city | publish_start_date | branches |
+-----------+-------------+----------------+-------------+------------+------------+--------------------------+--------------+--------------------+----------+
| AUT008    | Andrew Jeff | GERMANY        | Berlin      | PB02       | PB02       | Summer Night Publication | Canada       | 2019-08-31         |       25 |
+-----------+-------------+----------------+-------------+------------+------------+--------------------------+--------------+--------------------+----------+
1 row in set (0.00 sec)



11)

mysql> select count(*) as author_count,continents from (select *,case when author_city="Berlin" or author_city="London" or  author_city="Cambridge" then "Europe" when  author_city="San Francisco" or  author_city="Toronto" or  author_city="New Jersy" then "North America" when  author_city="Moscow" or  author_city="Delhi" then "asia" else "australia" end as continents from author)as temp group by continents;
+--------------+---------------+
| author_count | continents    |
+--------------+---------------+
|            4 | Europe        |
|            3 | North America |
|            2 | asia          |
|            1 | australia     |
+--------------+---------------+
4 rows in set (0.00 sec)